Timestamp,Grade,Age,Gender,Are you the first person in your family to attend college?,Which department/state are you from?,Which district are you from?,What area do you live in?,Library,"How many times a week do you go there? 
Leave empty, if zero.",Lab 1 - 6,"How many times a week do you go there? 
Leave empty, if zero.",Maker Lab,"How many times a week do you go there? 
Leave empty, if zero.",Virtual Reality Lab,"How many times a week do you go there? 
Leave empty, if zero.",Panda,"How many times a week do you go there? 
Leave empty, if zero.",Library,Career Center,Internet Services,Labs,Administrative department,How many activities have you participated in?,Do you code?,Have you participated in any programming groups?,"Choose the (markup, programming, query) languages you know well","Overall, how satisfied are you with your academic program?",How satisfied are you with the quality of teaching in your classes?,How satisfied are you with the academic support services offered by the university?,How satisfied are you with the university culture and community?,"Would you recommend ESIH for a bachelor degree, to someone else?",If your answer is YES - Why would you recommend this university?,If your answer is NO - Why would you not recommend this university?
3/16/2023 23:33:59,L4,22 - 25,Male,No,Artibonite,Gros-Morne,Delmas,Occasionally,1,Often,3,Never,,Never,,Occasionally,,Dissatisfied,Very Dissatisfied,Very Dissatisfied,Neutral,Satisfied,3,Yes,Yes,"HTML/CSS, JavaScript, Python, Php, Java, SQL",Satisfied,Neutral,Dissatisfied,Neutral,Maybe,,
3/17/2023 8:51:29,L4,22 - 25,Male,No,Ouest,Port-au-Prince,Tabarre,Never,,Occasionally,1,Occasionally,2,Never,,Rarely,1,Neutral,Dissatisfied,Very Dissatisfied,Neutral,Satisfied,10,Yes,Yes,"HTML/CSS, JavaScript, Python, Php, C++, Java, SQL",Dissatisfied,Neutral,Dissatisfied,Dissatisfied,Maybe,Good reference in the job market.,
3/17/2023 10:32:46,L4,18 - 21,Male,No,Centre,Lascahobas,Port-au-Prince,Rarely,,Rarely,1,Never,,Never,,Never,,Neutral,Very Dissatisfied,Very Dissatisfied,Dissatisfied,Dissatisfied,0,Yes,Yes,"JavaScript, Python, C++, Java, Dart, SQL",Very Dissatisfied,Neutral,Dissatisfied,Neutral,Maybe,,
3/17/2023 13:13:05,L4,22 - 25,Male,Yes,Ouest,Port-au-Prince,Delmas,Rarely,,Rarely,,Never,,Never,,Never,,Neutral,Neutral,Very Dissatisfied,Very Dissatisfied,Neutral,0,Newbie,No,"HTML/CSS, Java, SQL",Neutral,Neutral,Neutral,Dissatisfied,Maybe,Good reference in the job market.,"Lack of practice, Poor academic programs"
3/17/2023 19:01:21,L4,26 - 29,Male,Yes,Artibonite,Saint-Marc,Tabarre,Rarely,,Occasionally,,Occasionally,,Occasionally,,Occasionally,,Neutral,Satisfied,Dissatisfied,Dissatisfied,Dissatisfied,1,Yes,Yes,"HTML/CSS, JavaScript, Python, C++, Java, C, Go, SQL",Neutral,Neutral,Neutral,Satisfied,Yes,Good reference in the job market.,Poor academic programs
3/20/2023 10:31:14,L3,18 - 21,Male,No,Sud-Est,La Vallée,Pétion-Ville,Occasionally,3,Occasionally,3,Rarely,1,Rarely,,Occasionally,2,Neutral,Dissatisfied,Dissatisfied,Dissatisfied,Neutral,1,Yes,No,"HTML/CSS, Php, Java",Dissatisfied,Neutral,Neutral,Satisfied,Yes,"Lots of practices, Rich academic programs, Good quality of teaching, Good reference in the job market.",
3/20/2023 11:55:48,L4,22 - 25,Female,No,Sud-Est,Jacmel,Pétion-Ville,Rarely,,Rarely,2,Rarely,2,Never,,Occasionally,5,Neutral,Neutral,Very Dissatisfied,Neutral,Satisfied,3,Yes,No,"HTML/CSS, Php, Java, SQL",Neutral,Satisfied,Neutral,Neutral,Maybe,,"Lack of practice, Retaking an exam is too expensive"
3/20/2023 11:56:27,L1,18 - 21,Male,No,Ouest,Pétion-Ville,Port-au-Prince,Never,,Rarely,1,Never,,Never,,Never,,Neutral,Very Dissatisfied,Neutral,Satisfied,Neutral,1,Yes,Yes,"HTML/CSS, JavaScript, Python, Php, Java, SQL",Dissatisfied,Neutral,Dissatisfied,Neutral,Maybe,,
3/20/2023 11:59:40,L1,18 - 21,Female,Yes,Ouest,Port-au-Prince,Port-au-Prince,Rarely,4,Often,2,Never,1,Never,1,Never,1,Dissatisfied,Dissatisfied,Very Dissatisfied,Dissatisfied,Neutral,2,No,Yes,,Dissatisfied,Dissatisfied,Very Dissatisfied,Neutral,Maybe,,
3/20/2023 12:02:55,L4,22 - 25,Male,No,Sud,Les Cayes,Port-au-Prince,Never,,Occasionally,2,Never,,Often,5,Occasionally,1,Neutral,Neutral,Dissatisfied,Neutral,Neutral,0,Newbie,No,"HTML/CSS, Python, SQL",Neutral,Satisfied,Very Dissatisfied,Very Dissatisfied,Maybe,Lots of practices,"Tuition fees, Retaking an exam is too expensive"
3/20/2023 12:05:00,L1,18 - 21,Female,No,Ouest,Pétion-Ville,Pétion-Ville,Occasionally,2,Often,7,Never,,Never,,Never,,Dissatisfied,Very Dissatisfied,Very Dissatisfied,Neutral,Neutral,2,Newbie,No,"HTML/CSS, C",Neutral,Neutral,Very Dissatisfied,Very Dissatisfied,Maybe,,
3/20/2023 12:07:33,L1,18 - 21,Female,Yes,Ouest,Port-au-Prince,Kenscoff,Rarely,1,Occasionally,2,Never,,Never,,Never,,Neutral,Neutral,Very Dissatisfied,Dissatisfied,Neutral,3,No,No,,Dissatisfied,Dissatisfied,Very Dissatisfied,Satisfied,Yes,Pour la renommée ,
3/20/2023 12:08:49,L1,18 - 21,Male,Yes,Ouest,Croix-des-Bouquets,Croix-des-Bouquets,Never,,Rarely,2,Never,,Never,,Never,,Very Dissatisfied,Very Dissatisfied,Very Dissatisfied,Very Dissatisfied,Very Dissatisfied,0,Yes,Yes,"HTML/CSS, C++, C",Satisfied,Neutral,Dissatisfied,Satisfied,No,,"Tuition fees, Lack of practice, Poor academic programs, Retaking an exam is too expensive, University space too small"
3/20/2023 12:10:03,L4,22 - 25,Female,No,Ouest,Port-au-Prince,Delmas,Never,,Occasionally,1,Never,,Never,,Occasionally,1,Dissatisfied,Very Dissatisfied,Very Dissatisfied,Neutral,Very Dissatisfied,4,Yes,No,"HTML/CSS, Python, Php, C++, Java",Satisfied,Satisfied,Very Dissatisfied,Very Dissatisfied,No,,"Tuition fees, Lack of practice, Retaking an exam is too expensive, University space too small, No career center"
3/20/2023 12:10:56,L1,18 - 21,Female,No,Ouest,Carrefour,Carrefour,Rarely,1,Occasionally,1,Never,,Never,,Never,,Very Dissatisfied,Very Dissatisfied,Very Dissatisfied,Neutral,Neutral,0,No,No,,Neutral,Neutral,Very Dissatisfied,Dissatisfied,Yes,Good reference in the job market.,
3/20/2023 12:11:14,L1,18 - 21,Female,No,Ouest,Cité Soleil,Tabarre,Rarely,3,Very often,1,Never,,Never,,Never,,Dissatisfied,Dissatisfied,Satisfied,Satisfied,Dissatisfied,0,No,No,,Satisfied,Satisfied,Satisfied,Neutral,Yes,"Lots of practices, Good quality of teaching",
3/20/2023 12:12:49,L1,18 - 21,Male,No,Ouest,Delmas,Delmas,Rarely,2,Often,1,Never,,Never,,Never,,Satisfied,Neutral,Very Dissatisfied,Satisfied,Satisfied,3,Yes,No,"HTML/CSS, C",Satisfied,Satisfied,Dissatisfied,Dissatisfied,Yes,"Good quality of teaching, Good reference in the job market.",
3/20/2023 12:14:03,L1,22 - 25,Female,No,Ouest,Port-au-Prince,Cité Soleil,Occasionally,2,Often,2,Never,,Never,,Never,,Very Dissatisfied,Neutral,Very Dissatisfied,Very Dissatisfied,Very Dissatisfied,2,No,No,,Very Dissatisfied,Very Dissatisfied,Very Dissatisfied,Very Dissatisfied,Maybe,,"Tuition fees, Lack of practice, Poor academic programs, Retaking an exam is too expensive, Poor quality of teaching, University space too small"
3/20/2023 12:14:16,L1,18 - 21,Female,No,Ouest,Carrefour,Carrefour,Occasionally,2,Occasionally,2,Never,,Never,,Never,,Dissatisfied,Very Dissatisfied,Very Dissatisfied,Dissatisfied,Neutral,1,No,No,,Neutral,Neutral,Very Dissatisfied,Neutral,Yes,Good reference in the job market.,
3/20/2023 12:16:10,L1,18 - 21,Female,Yes,Ouest,Tabarre,Tabarre,Occasionally,,Often,3,Never,,Never,,Never,,Dissatisfied,Neutral,Very Dissatisfied,Satisfied,Neutral,2,No,No,,Satisfied,Neutral,Neutral,Neutral,Yes,Rich academic programs,
3/20/2023 12:16:50,L1,22 - 25,Male,No,Grand-Anse,Jérémie,Tabarre,Occasionally,1,Often,2,Never,,Never,,Never,,Neutral,Very Dissatisfied,Neutral,Neutral,Very Dissatisfied,2,Yes,No,"HTML/CSS, Php",Satisfied,Satisfied,Satisfied,Neutral,Maybe,,
3/20/2023 12:17:28,L1,22 - 25,Male,No,Sud,Camp-Perrin,Port-au-Prince,Rarely,1,Occasionally,2,Never,,Never,,Never,,Satisfied,Dissatisfied,Satisfied,Dissatisfied,Satisfied,1,No,No,,Satisfied,Dissatisfied,Dissatisfied,Dissatisfied,Yes,"Renommée, globalement c'est une bonne école",
3/20/2023 12:18:42,L1,18 - 21,Female,No,Nord-Est,Fort-Liberté,Delmas,Never,,Occasionally,2,Never,,Never,,Never,,Very Dissatisfied,Neutral,Neutral,Dissatisfied,Neutral,0,No,No,,Dissatisfied,Dissatisfied,Dissatisfied,Very Dissatisfied,Yes,Good reference in the job market.,
3/20/2023 12:20:12,L1,18 - 21,Male,Yes,Artibonite,Dessalines,Port-au-Prince,Occasionally,1,Often,3,Never,,Never,,Never,,Satisfied,Very Dissatisfied,Very Dissatisfied,Dissatisfied,Satisfied,3,Yes,Yes,"HTML/CSS, Python",Very Satisfied,Satisfied,Very Satisfied,Very Dissatisfied,Yes,"Good quality of teaching, Good reference in the job market.",
3/20/2023 12:21:20,L1,18 - 21,Female,No,Ouest,Tabarre,Tabarre,Never,,Rarely,2,Never,,Never,,Never,,Very Dissatisfied,Neutral,Very Dissatisfied,Neutral,Dissatisfied,3,No,No,,Neutral,Neutral,Neutral,Neutral,No,,"Lack of practice, Retaking an exam is too expensive"
3/20/2023 12:21:47,L1,18 - 21,Female,No,Ouest,Port-au-Prince,Delmas,Never,,Occasionally,2,Never,,Never,,Never,,Very Dissatisfied,Very Dissatisfied,Very Dissatisfied,Neutral,Satisfied,4,No,No,,Satisfied,Neutral,Very Dissatisfied,Very Dissatisfied,Yes,"Rich academic programs, Good reference in the job market.",
3/20/2023 12:23:27,L4,22 - 25,Male,No,Ouest,Port-au-Prince,Pétion-Ville,Rarely,,Never,,Never,,Never,,Never,,Neutral,Very Dissatisfied,Very Dissatisfied,Satisfied,Dissatisfied,0,Yes,Yes,"HTML/CSS, JavaScript, Python, Php, C#, C++, Java, Dart, SQL",Satisfied,Neutral,Very Dissatisfied,Very Dissatisfied,No,,"Tuition fees, Lack of practice, Poor academic programs, Retaking an exam is too expensive, No career center"
3/20/2023 12:27:44,L1,18 - 21,Male,Yes,Sud,Sud,Port-au-Prince,Never,,Occasionally,1,Never,,Never,,Never,,Very Satisfied,Neutral,Neutral,Very Satisfied,Satisfied,2,Yes,Yes,"HTML/CSS, JavaScript, Python, Php, C#, C++, Java, C, Go, Ruby, SQL",Neutral,Satisfied,Neutral,Satisfied,Yes,"Lots of practices, Rich academic programs, Good quality of teaching",
3/20/2023 12:29:09,L1,18 - 21,Female,No,Ouest,Port-au-Prince,Delmas,Occasionally,2,Occasionally,2,Never,,Never,,Never,,Satisfied,Neutral,Very Dissatisfied,Neutral,Neutral,4,Yes,No,C++,Satisfied,Neutral,Satisfied,Very Dissatisfied,Yes,"Rich academic programs, Good reference in the job market.",
3/20/2023 12:29:47,DUT2,18 - 21,Female,No,Ouest,Port-au-Prince,Port-au-Prince,Rarely,2,Often,4,Never,,Never,,Rarely,1,Satisfied,Very Dissatisfied,Dissatisfied,Very Satisfied,Satisfied,0,Yes,No,"HTML/CSS, Php, Java, SQL",Very Satisfied,Satisfied,Satisfied,Satisfied,Yes,"Lots of practices, Good reference in the job market.",
3/20/2023 12:30:57,DUT1,18 - 21,Male,No,Sud-Est,La Vallée,Port-au-Prince,Occasionally,1,Often,4,Never,,Never,,Often,3,Dissatisfied,Very Dissatisfied,Very Dissatisfied,Dissatisfied,Dissatisfied,4,Yes,No,"HTML/CSS, Php, Java",Dissatisfied,Very Dissatisfied,Very Dissatisfied,Dissatisfied,Yes,Good reference in the job market.,
3/20/2023 12:34:15,DUT2,22 - 25,Male,No,Sud-Est,Jacmel,Port-au-Prince,Never,,Very often,5,Never,,Never,,Occasionally,2,Neutral,Dissatisfied,Satisfied,Satisfied,Satisfied,0,Yes,No,"HTML/CSS, JavaScript, Php, Java, SQL",Satisfied,Satisfied,Neutral,Satisfied,Yes,"Lots of practices, Rich academic programs, Good quality of teaching",
3/20/2023 12:34:18,L4,22 - 25,Female,Yes,Ouest,Port-au-Prince,Port-au-Prince,Rarely,,Occasionally,,Never,,Never,,Never,,Satisfied,Dissatisfied,Very Dissatisfied,Satisfied,Neutral,1,Yes,Yes,"HTML/CSS, Python, SQL",Neutral,Satisfied,Neutral,Neutral,Maybe,,
3/20/2023 12:36:46,DUT1,18 - 21,Male,Yes,Ouest,Les Cayes,Pétion-Ville,Occasionally,2,Often,3,Never,,Never,,Often,4,Neutral,Neutral,Very Dissatisfied,Dissatisfied,Very Dissatisfied,4,Yes,No,HTML/CSS,Dissatisfied,Very Dissatisfied,Neutral,Very Dissatisfied,Maybe,,Poor academic programs
3/20/2023 12:40:37,DUT2,22 - 25,Male,Yes,Sud-Est,La Vallée,Port-au-Prince,Often,3,Often,6,Never,,Rarely,,Never,,Satisfied,Very Dissatisfied,Satisfied,Satisfied,Satisfied,3,Newbie,Yes,"HTML/CSS, Php, Java, SQL",Satisfied,Satisfied,Satisfied,Satisfied,Yes,"Lots of practices, Good quality of teaching, Good reference in the job market.",
3/20/2023 12:41:26,L3,22 - 25,Male,No,Ouest,Pétion-Ville,Pétion-Ville,Often,3,Often,3,Never,,Never,,Never,,Dissatisfied,Neutral,Very Dissatisfied,Neutral,Dissatisfied,0,Yes,Yes,"C++, Java",Dissatisfied,Dissatisfied,Dissatisfied,Very Dissatisfied,No,,"Tuition fees, Lack of practice, Poor academic programs, Retaking an exam is too expensive, Poor quality of teaching, University space too small"
3/20/2023 12:42:05,L3,22 - 25,Male,Yes,Ouest,Port-au-Prince,Pétion-Ville,Never,,Never,3,Never,,Never,,Occasionally,,Neutral,Neutral,Very Dissatisfied,Dissatisfied,Very Dissatisfied,6,Yes,Yes,"HTML/CSS, JavaScript, Python, Php, C++, Java, SQL",Neutral,Neutral,Neutral,Dissatisfied,Yes,"Good quality of teaching, Good reference in the job market.",
3/20/2023 12:42:08,DUT1,22 - 25,Male,No,Ouest,Croix-des-Bouquets,Pétion-Ville,Occasionally,2,Often,6,Rarely,1,Never,1,Often,4,Neutral,Neutral,Very Dissatisfied,Dissatisfied,Very Dissatisfied,5,Newbie,No,"HTML/CSS, Php, Java",Dissatisfied,Neutral,Dissatisfied,Dissatisfied,Maybe,,
3/20/2023 12:42:12,L4,22 - 25,Male,No,Sud-Est,Jacmel,Port-au-Prince,Rarely,1,Often,2,Rarely,,Never,,Occasionally,,Neutral,Neutral,Dissatisfied,Satisfied,Neutral,3,Yes,No,"HTML/CSS, Python, Php, C++, Java, Dart, SQL",Satisfied,Satisfied,Neutral,Dissatisfied,Yes,Good reference in the job market.,
3/20/2023 12:44:28,L4,22 - 25,Male,Yes,Sud-Est,La Vallée,Port-au-Prince,Rarely,,Occasionally,2,Never,,Never,,Rarely,,Neutral,Very Dissatisfied,Neutral,Satisfied,Neutral,0,Yes,Yes,"HTML/CSS, JavaScript, Python, Php, C++, Java, Dart, SQL",Satisfied,Neutral,Neutral,Neutral,Yes,Good reference in the job market.,
3/20/2023 12:50:07,DUT2,18 - 21,Male,Yes,Ouest,Port-au-Prince,Carrefour,Occasionally,9,Very often,10,Occasionally,4,Rarely,,Often,2,Satisfied,Neutral,Dissatisfied,Satisfied,Very Dissatisfied,10,Yes,Yes,"HTML/CSS, JavaScript, Python, Php, Java, SQL",Dissatisfied,Neutral,Very Dissatisfied,Very Dissatisfied,No,,Business 
3/20/2023 12:50:51,L1,22 - 25,Male,Yes,Ouest,Port-au-Prince,Port-au-Prince,Occasionally,1,Often,4,Never,,Never,,Never,,Neutral,Very Dissatisfied,Very Dissatisfied,Neutral,Satisfied,3,Yes,No,HTML/CSS,Neutral,Neutral,Very Dissatisfied,Neutral,Yes,"Rich academic programs, Good reference in the job market.",
3/20/2023 12:51:23,L3,22 - 25,Male,No,Sud,Cavaillon,Pétion-Ville,Occasionally,1,Occasionally,2,Never,,Never,,Rarely,1,Neutral,Neutral,Dissatisfied,Neutral,Neutral,2,Yes,Yes,"HTML/CSS, JavaScript, Php, Java",Very Dissatisfied,Very Dissatisfied,Satisfied,Satisfied,Yes,Good quality of teaching,
3/20/2023 12:52:48,L2,22 - 25,Female,No,Nord-Ouest,Jean-Rabel,Delmas,Occasionally,1,Occasionally,,Never,,Rarely,,Never,,Dissatisfied,Neutral,Very Dissatisfied,Very Dissatisfied,Neutral,0,Yes,Yes,"HTML/CSS, C++",Dissatisfied,Very Dissatisfied,Dissatisfied,Dissatisfied,Yes,"Lots of practices, Rich academic programs, Good reference in the job market.",
3/20/2023 12:57:31,L3,22 - 25,Female,Yes,Ouest,Port-au-Prince,Delmas,Never,,Occasionally,3,Never,,Never,,Occasionally,1,Neutral,Neutral,Very Dissatisfied,Dissatisfied,Dissatisfied,4,Yes,No,HTML/CSS,Very Dissatisfied,Neutral,Very Dissatisfied,Dissatisfied,No,,"Tuition fees, Lack of practice, Poor academic programs, Retaking an exam is too expensive, Poor quality of teaching, University space too small, No career center"
3/20/2023 12:58:33,L1,22 - 25,Male,Yes,Ouest,Port-au-Prince,Port-au-Prince,Never,,Rarely,2,Never,,Rarely,,Never,,Very Dissatisfied,Neutral,Very Dissatisfied,Very Dissatisfied,Dissatisfied,2,No,No,,Dissatisfied,Neutral,Neutral,Neutral,No,,
3/20/2023 13:00:39,L3,18 - 21,Female,No,Sud-Est,Jacmel,Delmas,Never,,Occasionally,3,Never,,Never,,Occasionally,1,Neutral,Neutral,Very Dissatisfied,Dissatisfied,Dissatisfied,1,No,No,,Dissatisfied,Neutral,Dissatisfied,Dissatisfied,No,,"Tuition fees, Lack of practice, Poor academic programs, Retaking an exam is too expensive, Poor quality of teaching, University space too small, No career center"
3/20/2023 13:03:14,L3,22 - 25,Female,No,Nord-Ouest,Port-de-Paix,Delmas,Never,,Occasionally,3,Never,,Never,,Occasionally,1,Neutral,Neutral,Very Dissatisfied,Dissatisfied,Dissatisfied,4,Yes,Yes,"HTML/CSS, Php, C++",Dissatisfied,Neutral,Very Dissatisfied,Very Dissatisfied,No,,"Tuition fees, Lack of practice, Poor academic programs, Retaking an exam is too expensive, Poor quality of teaching, University space too small, No career center"
3/20/2023 13:04:00,DUT2,22 - 25,Male,Yes,Sud,Les Cayes,Port-au-Prince,Occasionally,3,Rarely,2,Very often,5,Never,,Rarely,2,Satisfied,Neutral,Satisfied,Dissatisfied,Satisfied,0,Newbie,No,"HTML/CSS, SQL",Satisfied,Dissatisfied,Dissatisfied,Dissatisfied,No,,"Tuition fees, Lack of practice, Poor academic programs, Retaking an exam is too expensive, Poor quality of teaching, University space too small, No career center"
3/20/2023 13:04:19,L1,18 - 21,Female,Yes,Ouest,Port-au-Prince,Port-au-Prince,Never,,Occasionally,1,Never,,Never,,Never,,Neutral,Neutral,Dissatisfied,Neutral,Neutral,1,No,No,,Satisfied,Neutral,Neutral,Satisfied,No,,"Tuition fees, Lack of practice, Retaking an exam is too expensive"
3/20/2023 13:06:20,L4,22 - 25,Male,No,Ouest,Port-au-Prince,Delmas,Never,,Occasionally,2,Never,,Never,,Occasionally,1,Very Dissatisfied,Dissatisfied,Very Dissatisfied,Dissatisfied,Dissatisfied,2,Yes,No,"HTML/CSS, JavaScript, Python, SQL",Dissatisfied,Neutral,Neutral,Neutral,Maybe,,
3/20/2023 13:11:02,L1,18 - 21,Male,Yes,Ouest,Port-au-Prince,Tabarre,Rarely,1,Occasionally,1,Never,,Never,,Never,,Dissatisfied,Neutral,Very Dissatisfied,Dissatisfied,Dissatisfied,1,Yes,No,HTML/CSS,Dissatisfied,Neutral,Neutral,Dissatisfied,No,,"Tuition fees, Lack of practice, Retaking an exam is too expensive, University space too small"
3/20/2023 13:15:30,L1,18 - 21,Male,Yes,Ouest,Port-au-Prince,Pétion-Ville,Occasionally,3,Occasionally,2,Never,,Never,,Never,,Satisfied,Neutral,Dissatisfied,Dissatisfied,Neutral,1,No,No,,Satisfied,Neutral,Neutral,Satisfied,Yes,"Rich academic programs, Good reference in the job market.",
3/20/2023 13:20:25,L1,18 - 21,Male,Yes,Ouest,Port-au-Prince,Delmas,Occasionally,,Occasionally,1,Never,,Never,,Never,,Neutral,Neutral,Dissatisfied,Dissatisfied,Neutral,1,No,No,,Neutral,Neutral,Neutral,Dissatisfied,No,,"Lack of practice, Poor academic programs, Retaking an exam is too expensive, University space too small"
3/20/2023 13:24:32,L1,18 - 21,Male,Yes,Ouest,Pétion-Ville,Port-au-Prince,Occasionally,2,Occasionally,1,Never,,Never,,Never,,Satisfied,Neutral,Dissatisfied,Neutral,Neutral,1,No,No,,Neutral,Neutral,Neutral,Dissatisfied,No,,"Lack of practice, Retaking an exam is too expensive"
3/20/2023 13:32:58,DUT1,22 - 25,Male,Yes,Ouest,Port-au-Prince,Delmas,Rarely,3,Often,7,Never,,Never,,Never,,Satisfied,Neutral,Dissatisfied,Very Satisfied,Satisfied,1,Yes,No,"HTML/CSS, Php",Satisfied,Satisfied,Neutral,Dissatisfied,Yes,"Lots of practices, Rich academic programs, Good quality of teaching",
3/20/2023 14:26:53,L2,18 - 21,Male,No,Ouest,Ouest,Port-au-Prince,Rarely,1,Rarely,2,Never,,Never,,Rarely,1,Satisfied,Neutral,Dissatisfied,Neutral,Neutral,0,Newbie,No,SQL,Neutral,Satisfied,Very Dissatisfied,Very Dissatisfied,Maybe,Good reference in the job market.,
3/20/2023 14:28:43,L4,22 - 25,Female,Yes,Ouest,Port-au-Prince,Delmas,Rarely,,Rarely,,Occasionally,,Occasionally,,Occasionally,,Satisfied,Dissatisfied,Dissatisfied,Dissatisfied,Satisfied,1,Yes,Yes,"HTML/CSS, JavaScript, Python, Php, SQL",Satisfied,Satisfied,Neutral,Satisfied,Yes,Good reference in the job market.,Lack of practice
3/20/2023 14:34:14,L1,< 18,Female,No,Ouest,Pétion-Ville,Pétion-Ville,Often,2,Occasionally,1,Never,,Never,,Rarely,1,Very Dissatisfied,Neutral,Neutral,Satisfied,Neutral,0,No,No,HTML/CSS,Neutral,Satisfied,Satisfied,Satisfied,Yes,Rich academic programs,Tuition fees
3/20/2023 15:56:17,DUT1,26 - 29,Male,No,Ouest,Port-au-Prince,Delmas,Often,2,Rarely,2,Occasionally,2,Often,3,Often,4,Dissatisfied,Dissatisfied,Dissatisfied,Dissatisfied,Neutral,2,Newbie,Yes,"HTML/CSS, C++",Neutral,Dissatisfied,Neutral,Dissatisfied,No,,"Lack of practice, Retaking an exam is too expensive"
3/20/2023 17:48:08,L4,22 - 25,Male,Yes,Ouest,Tabarre,Tabarre,Rarely,,Often,2,Occasionally,,Never,,Occasionally,,Satisfied,Neutral,Dissatisfied,Satisfied,Satisfied,3,Yes,Yes,"HTML/CSS, JavaScript, Python, Php, Java, SQL",Dissatisfied,Satisfied,Neutral,Satisfied,Yes,"Good reference in the job market., Best university in Haiti",
3/20/2023 17:58:07,L4,26 - 29,Female,No,Ouest,Port-au-Prince,Delmas,Often,2,Often,4,Often,4,Occasionally,2,Often,3,Neutral,Neutral,Dissatisfied,Neutral,Satisfied,2,Newbie,Yes,"HTML/CSS, JavaScript, Python, Php, SQL",Satisfied,Dissatisfied,Dissatisfied,Dissatisfied,No,,"Lack of practice, Retaking an exam is too expensive"
3/20/2023 22:18:35,L4,22 - 25,Male,No,Ouest,Port-au-Prince,Delmas,Rarely,,Rarely,1,Never,,Never,,Rarely,,Neutral,Neutral,Very Dissatisfied,Neutral,Neutral,4,Yes,Yes,"HTML/CSS, Python, Java",Neutral,Dissatisfied,Very Dissatisfied,Very Dissatisfied,No,,"Tuition fees, Lack of practice, University space too small, No career center"
3/21/2023 9:42:50,L3,22 - 25,Male,No,Sud,Cavaillon,Pétion-Ville,Rarely,2,Occasionally,2,Never,,Never,,Never,,Satisfied,Neutral,Dissatisfied,Neutral,Neutral,2,Yes,Yes,"HTML/CSS, JavaScript, Php, Java",Satisfied,Neutral,Neutral,Neutral,Yes,Good quality of teaching,
3/21/2023 9:45:48,L4,22 - 25,Female,Yes,Nippes,Fonds-des-Nègres,Port-au-Prince,Occasionally,5,Occasionally,3,Occasionally,3,Never,,Occasionally,4,Neutral,Very Dissatisfied,Dissatisfied,Dissatisfied,Neutral,0,Newbie,No,"HTML/CSS, Python, C++",Satisfied,Satisfied,Neutral,Neutral,Maybe,,
3/21/2023 9:47:25,L4,22 - 25,Male,Yes,Ouest,Pétion-Ville,Pétion-Ville,Rarely,,Often,2,Never,,Never,,Often,2,Neutral,Neutral,Very Dissatisfied,Satisfied,Dissatisfied,0,No,No,"HTML/CSS, Php",Dissatisfied,Satisfied,Dissatisfied,Dissatisfied,Yes,Good reference in the job market.,
3/21/2023 9:48:36,L1,18 - 21,Female,No,Sud,Cayes-Jacmel,Carrefour,Never,,Often,1,Never,,Never,,Rarely,1,Neutral,Neutral,Very Dissatisfied,Very Satisfied,Neutral,1,Newbie,No,,Satisfied,Very Satisfied,Neutral,Neutral,Yes,"Lots of practices, Rich academic programs, Good quality of teaching, Good reference in the job market.",
3/21/2023 9:49:58,L4,22 - 25,Male,No,Ouest,Ouest,Delmas,Never,,Occasionally,2,Never,,Never,,Never,,Neutral,Neutral,Very Dissatisfied,Neutral,Satisfied,3,No,Yes,"HTML/CSS, Php",Dissatisfied,Neutral,Neutral,Neutral,Yes,"Lots of practices, Good reference in the job market.",
3/21/2023 9:56:10,L3,22 - 25,Male,Yes,Ouest,Pétion-Ville,Pétion-Ville,Occasionally,2,Occasionally,2,Never,,Never,,Occasionally,1,Very Dissatisfied,Very Dissatisfied,Very Dissatisfied,Very Dissatisfied,Satisfied,0,Newbie,No,"HTML/CSS, JavaScript, Php, Java, SQL",Very Dissatisfied,Dissatisfied,Very Dissatisfied,Very Dissatisfied,No,,"Tuition fees, Lack of practice, Poor academic programs, Retaking an exam is too expensive, Poor quality of teaching, University space too small, No career center"
3/21/2023 10:02:46,L3,22 - 25,Female,Yes,Ouest,Pétion-Ville,Pétion-Ville,Rarely,1,Often,3,Never,,Never,,Rarely,1,Neutral,Very Dissatisfied,Neutral,Satisfied,Very Dissatisfied,1,Newbie,Yes,"HTML/CSS, Python",Dissatisfied,Dissatisfied,Dissatisfied,Very Dissatisfied,Yes,"Good quality of teaching, Good reference in the job market.",
3/21/2023 10:05:26,L2,22 - 25,Male,No,Nord,Cap-Haïtien,Croix-des-Bouquets,Occasionally,1,Often,3,Never,,Never,,Occasionally,1,Satisfied,Neutral,Very Dissatisfied,Satisfied,Neutral,1,Newbie,Yes,C++,Satisfied,Satisfied,Dissatisfied,Very Dissatisfied,Yes,"Lots of practices, Rich academic programs, Good quality of teaching, Good reference in the job market.",
3/21/2023 10:10:53,L3,22 - 25,Female,No,Sud,Les Cayes,Port-au-Prince,Rarely,1,Often,3,Never,,Never,,Rarely,1,Very Dissatisfied,Very Satisfied,Very Dissatisfied,Neutral,Very Satisfied,1,Yes,Yes,"HTML/CSS, Php",Very Dissatisfied,Very Dissatisfied,Very Dissatisfied,Very Dissatisfied,Maybe,,
3/21/2023 10:15:42,L3,18 - 21,Female,No,Sud-Est,Jacmel,Port-au-Prince,Often,3,Often,3,Never,,Never,,Rarely,2,Satisfied,Satisfied,Very Dissatisfied,Neutral,Satisfied,1,Newbie,No,"HTML/CSS, Php",Neutral,Dissatisfied,Satisfied,Very Dissatisfied,Maybe,"Good quality of teaching, Good reference in the job market.",Lack of practice
3/21/2023 10:22:14,L3,22 - 25,Male,No,Nord-Ouest,Port-de-Paix,Port-au-Prince,Occasionally,1,Very often,3,Never,,Never,,Never,,Very Dissatisfied,Very Dissatisfied,Very Dissatisfied,Very Dissatisfied,Very Dissatisfied,0,Newbie,Yes,"HTML/CSS, Php, Java",Dissatisfied,Dissatisfied,Very Dissatisfied,Very Dissatisfied,No,,"Poor academic programs, Poor quality of teaching, No career center"
3/21/2023 11:55:04,L3,22 - 25,Male,No,Centre,Mirebalais,Port-au-Prince,Rarely,,Very often,5,Never,,Never,,Often,2,Neutral,Neutral,Very Dissatisfied,Dissatisfied,Very Satisfied,0,Yes,Yes,HTML/CSS,Satisfied,Neutral,Neutral,Very Dissatisfied,Yes,Good reference in the job market.,
3/21/2023 12:28:18,L3,22 - 25,Female,Yes,Ouest,Pétion-Ville,Pétion-Ville,Rarely,1,Occasionally,3,Never,,Never,,Never,,Neutral,Neutral,Very Dissatisfied,Dissatisfied,Very Satisfied,2,No,Yes,"HTML/CSS, Python",Dissatisfied,Dissatisfied,Dissatisfied,Dissatisfied,No,,"Lack of practice, Poor academic programs, Retaking an exam is too expensive, University space too small"
3/21/2023 12:42:33,L2,22 - 25,Female,No,Nord,Cap-Haïtien,Delmas,Rarely,1,Often,2,Never,,Never,,Never,,Dissatisfied,Very Dissatisfied,Very Dissatisfied,Very Dissatisfied,Very Dissatisfied,1,Yes,No,"HTML/CSS, C++",Dissatisfied,Neutral,Dissatisfied,Very Dissatisfied,Maybe,,
3/21/2023 12:42:57,L1,18 - 21,Male,No,Centre,Maïssade,Port-au-Prince,Never,,Occasionally,2,Never,,Never,,Never,,Neutral,Neutral,Neutral,Satisfied,Satisfied,1,No,No,,Very Dissatisfied,Very Dissatisfied,Very Dissatisfied,Satisfied,No,,"Lack of practice, Poor academic programs, Poor quality of teaching, University space too small"
3/21/2023 12:43:18,L1,18 - 21,Male,No,Ouest,Cité Soleil,Port-au-Prince,Occasionally,1,Occasionally,2,Never,,Never,,Never,,Neutral,Neutral,Dissatisfied,Dissatisfied,Neutral,3,Yes,No,"HTML/CSS, Python, C",Satisfied,Satisfied,Neutral,Neutral,Yes,"Lots of practices, Rich academic programs, Good quality of teaching, Good reference in the job market.",
3/21/2023 12:44:01,L2,18 - 21,Female,Yes,Ouest,Pétion-Ville,Pétion-Ville,Occasionally,4,Often,8,Never,,Never,,Rarely,1,Satisfied,Neutral,Very Dissatisfied,Neutral,Satisfied,0,Yes,No,HTML/CSS,Satisfied,Satisfied,Satisfied,Satisfied,Yes,Rich academic programs,
3/21/2023 12:45:24,L3,18 - 21,Male,No,Nord,Cap-Haïtien,Port-au-Prince,Never,,Occasionally,2,Never,,Never,,Rarely,,Neutral,Neutral,Very Dissatisfied,Neutral,Neutral,0,Newbie,Yes,"HTML/CSS, Java",Dissatisfied,Dissatisfied,Neutral,Neutral,No,,"Retaking an exam is too expensive, Poor quality of teaching"
3/21/2023 12:46:10,L3,18 - 21,Male,Yes,Artibonite,Dessalines,Port-au-Prince,Often,2,Often,2,Never,,Rarely,1,Never,,Neutral,Very Dissatisfied,Very Dissatisfied,Very Dissatisfied,Satisfied,5,Yes,No,"HTML/CSS, JavaScript, Php, C++",Satisfied,Satisfied,Very Dissatisfied,Dissatisfied,No,,"Lack of practice, Poor academic programs, Retaking an exam is too expensive, No career center"
3/21/2023 12:46:57,L1,18 - 21,Male,No,Ouest,Port-au-Prince,Port-au-Prince,Never,,Occasionally,2,Never,,Never,,Never,,Neutral,Neutral,Neutral,Neutral,Satisfied,1,Newbie,No,"HTML/CSS, Python",Satisfied,Satisfied,Neutral,Neutral,Yes,Rich academic programs,
3/21/2023 12:49:10,L2,18 - 21,Male,No,Ouest,Delmas,Delmas,Occasionally,1,Often,4,Never,,Never,,Never,,Dissatisfied,Neutral,Very Dissatisfied,Very Dissatisfied,Very Dissatisfied,1,Yes,Yes,"HTML/CSS, C++",Dissatisfied,Dissatisfied,Very Dissatisfied,Dissatisfied,Yes,Good reference in the job market.,
3/21/2023 12:50:40,L2,18 - 21,Male,No,Sud-Est,La Vallée,Delmas,Rarely,5,Occasionally,6,Never,,Never,,Never,,Satisfied,Neutral,Very Dissatisfied,Neutral,Neutral,0,Yes,No,"HTML/CSS, Php, C++",Dissatisfied,Neutral,Neutral,Neutral,Maybe,,
3/21/2023 12:51:15,L3,22 - 25,Male,No,Ouest,Kenscoff,Pétion-Ville,Rarely,,Often,3,Often,,Never,,Rarely,,Satisfied,Neutral,Very Dissatisfied,Dissatisfied,Dissatisfied,2,Newbie,Yes,"HTML/CSS, Php, C#, C++, Java, SQL",Dissatisfied,Dissatisfied,Very Dissatisfied,Very Dissatisfied,Yes,Good reference in the job market.,
3/21/2023 12:52:01,L3,18 - 21,Female,No,Ouest,Port-au-Prince,Pétion-Ville,Occasionally,2,Often,4,Occasionally,1,Often,4,Rarely,,Neutral,Very Dissatisfied,Dissatisfied,Satisfied,Dissatisfied,2,No,No,,Dissatisfied,Dissatisfied,Neutral,Dissatisfied,Maybe,,
3/21/2023 12:52:12,L3,22 - 25,Male,No,Ouest,Port-au-Prince,Port-au-Prince,Rarely,1,Often,5,Never,,Never,,Never,,Neutral,Neutral,Dissatisfied,Satisfied,Dissatisfied,1,Yes,Yes,"HTML/CSS, Php, Java, SQL",Neutral,Satisfied,Dissatisfied,Satisfied,Maybe,,
3/21/2023 12:56:56,L3,26 - 29,Male,No,Ouest,Petit-Goâve,Port-au-Prince,Rarely,,Very often,,Rarely,,Never,,Often,,Neutral,Neutral,Very Dissatisfied,Dissatisfied,Dissatisfied,0,Newbie,No,"HTML/CSS, Python",Neutral,Neutral,Satisfied,Satisfied,Yes,"Lots of practices, Rich academic programs, Good reference in the job market.",
3/21/2023 12:57:31,L3,18 - 21,Male,No,Nord,Cap-Haïtien,Port-au-Prince,Occasionally,1,Often,4,Rarely,1,Rarely,1,Rarely,1,Neutral,Dissatisfied,Very Dissatisfied,Dissatisfied,Neutral,0,Yes,Yes,"HTML/CSS, Php, C#, C++, Java, SQL",Neutral,Neutral,Dissatisfied,Neutral,Yes,Good reference in the job market.,
3/21/2023 12:57:46,L3,18 - 21,Male,No,Nippes,Miragoâne,Port-au-Prince,Rarely,1,Often,5,Never,,Never,,Never,,Neutral,Neutral,Satisfied,Satisfied,Neutral,1,Yes,Yes,"HTML/CSS, Php, C++, Java, SQL",Neutral,Satisfied,Dissatisfied,Satisfied,Maybe,,
3/21/2023 12:58:35,L2,18 - 21,Male,Yes,Ouest,Port-au-Prince,Delmas,Often,2,Occasionally,2,Never,,Never,,Never,,Neutral,Satisfied,Very Dissatisfied,Dissatisfied,Neutral,4,Yes,No,"HTML/CSS, C++",Very Dissatisfied,Neutral,Neutral,Neutral,Yes,Good reference in the job market.,
3/21/2023 12:59:52,L3,22 - 25,Male,Yes,Ouest,Port-au-Prince,Pétion-Ville,Never,1,Never,1,Never,1,Never,1,Never,1,Very Dissatisfied,Very Dissatisfied,Very Dissatisfied,Very Dissatisfied,Very Dissatisfied,0,Newbie,No,"HTML/CSS, JavaScript, Php, Java, SQL",Very Dissatisfied,Very Dissatisfied,Very Dissatisfied,Very Dissatisfied,No,,
3/21/2023 13:03:04,L1,22 - 25,Male,No,Ouest,Port-au-Prince,Pétion-Ville,Occasionally,1,Often,3,Never,,Never,,Never,,Neutral,Very Dissatisfied,Very Dissatisfied,Neutral,Neutral,3,Yes,No,HTML/CSS,Satisfied,Neutral,Very Dissatisfied,Neutral,Yes,"Rich academic programs, Good reference in the job market.",
3/21/2023 13:03:14,L2,18 - 21,Female,No,Sud-Est,La Vallée,Port-au-Prince,Rarely,2,Occasionally,2,Never,,Rarely,1,Never,,Satisfied,Dissatisfied,Very Dissatisfied,Dissatisfied,Neutral,3,Yes,No,"HTML/CSS, C++",Dissatisfied,Neutral,Dissatisfied,Satisfied,Yes,Good reference in the job market.,
3/21/2023 13:04:02,L3,22 - 25,Female,No,Nord-Est,Ouanaminthe,Delmas,Rarely,,Often,,Never,,Never,,Occasionally,,Satisfied,Neutral,Very Dissatisfied,Dissatisfied,Satisfied,3,Yes,Yes,"HTML/CSS, Java",Satisfied,Dissatisfied,Dissatisfied,Dissatisfied,Yes,"Rich academic programs, Good reference in the job market.",
3/21/2023 13:04:36,L3,18 - 21,Male,Yes,Ouest,Port-au-Prince,Delmas,Rarely,,Often,6,Never,,Rarely,,Rarely,,Neutral,Neutral,Very Dissatisfied,Dissatisfied,Satisfied,3,No,No,,Satisfied,Satisfied,Neutral,Satisfied,Yes,"Rich academic programs, Good quality of teaching, Good reference in the job market.",
3/21/2023 13:05:25,L3,22 - 25,Male,No,Nord,Cap-Haïtien,Port-au-Prince,Often,2,Often,3,Never,,Never,,Never,,Neutral,Neutral,Dissatisfied,Dissatisfied,Neutral,0,Yes,Yes,HTML/CSS,Satisfied,Neutral,Neutral,Dissatisfied,Maybe,Good reference in the job market.,Retaking an exam is too expensive
3/21/2023 13:05:54,L3,22 - 25,Male,Yes,Sud-Est,Port-au-Prince,Port-au-Prince,Rarely,,Often,3,Rarely,,Never,,Occasionally,,Dissatisfied,Dissatisfied,Dissatisfied,Satisfied,Neutral,0,Yes,Yes,"HTML/CSS, Php",Dissatisfied,Satisfied,Neutral,Satisfied,Yes,"Good quality of teaching, Good reference in the job market.",
3/21/2023 13:06:01,L1,18 - 21,Male,No,Sud,Torbeck,Pétion-Ville,Occasionally,2,Often,3,Occasionally,4,Rarely,1,Never,,Neutral,Very Dissatisfied,Very Dissatisfied,Satisfied,Satisfied,3,Yes,No,HTML/CSS,Dissatisfied,Neutral,Dissatisfied,Neutral,Yes,"Rich academic programs, Good quality of teaching, Good reference in the job market.","Tuition fees, Retaking an exam is too expensive, University space too small"
3/21/2023 13:09:39,L3,18 - 21,Male,No,Ouest,Port-au-Prince,Port-au-Prince,Rarely,3,Often,6,Rarely,3,Rarely,1,Rarely,2,Neutral,Neutral,Dissatisfied,Neutral,Satisfied,2,Yes,Yes,"HTML/CSS, Php, Java",Dissatisfied,Dissatisfied,Neutral,Satisfied,No,,"Tuition fees, Poor academic programs"
3/21/2023 13:10:08,L2,22 - 25,Female,No,Grand-Anse,Jérémie,Delmas,Occasionally,2,Often,2,Never,,Rarely,2,Never,,Dissatisfied,Very Dissatisfied,Dissatisfied,Neutral,Satisfied,4,Yes,No,"HTML/CSS, C++",Dissatisfied,Satisfied,Satisfied,Very Dissatisfied,Yes,"Good quality of teaching, Good reference in the job market.",
3/21/2023 13:11:25,L3,26 - 29,Male,No,Ouest,Petit-Goâve,Delmas,Occasionally,1,Often,5,Occasionally,,Never,,Rarely,,Satisfied,Very Dissatisfied,Dissatisfied,Satisfied,Satisfied,2,Newbie,Yes,"HTML/CSS, Php",Neutral,Neutral,Neutral,Satisfied,Yes,Good reference in the job market.,
3/21/2023 13:13:25,L3,22 - 25,Male,No,Ouest,Ouest,Pétion-Ville,Occasionally,2,Occasionally,2,Never,,Never,,Occasionally,,Very Dissatisfied,Neutral,Very Dissatisfied,Very Dissatisfied,Neutral,0,Newbie,No,"HTML/CSS, JavaScript, C++, Java, SQL",Very Dissatisfied,Very Dissatisfied,Very Dissatisfied,Neutral,No,,"Tuition fees, Lack of practice, Poor academic programs, Retaking an exam is too expensive, Poor quality of teaching, University space too small, No career center"
3/21/2023 13:15:02,L2,22 - 25,Male,No,Ouest,Port-au-Prince,Delmas,Never,,Often,2,Never,,Never,,Never,,Dissatisfied,Neutral,Very Dissatisfied,Neutral,Dissatisfied,0,Yes,No,"HTML/CSS, C++",Dissatisfied,Dissatisfied,Very Dissatisfied,Very Dissatisfied,No,,"Poor academic programs, Poor quality of teaching"
3/21/2023 13:16:35,L1,18 - 21,Male,Yes,Centre,Hinche,Delmas,Never,,Rarely,2,Never,,Never,,Never,,Neutral,Neutral,Satisfied,Neutral,Satisfied,1,Newbie,No,Python,Satisfied,Satisfied,Neutral,Satisfied,Yes,"Rich academic programs, Good reference in the job market.",
3/21/2023 13:16:43,L1,18 - 21,Male,No,Centre,Centre,Port-au-Prince,Never,,Often,2,Never,,Never,,Never,,Neutral,Neutral,Neutral,Satisfied,Satisfied,0,No,Yes,Python,Satisfied,Satisfied,Neutral,Neutral,Yes,"Rich academic programs, Good quality of teaching, Good reference in the job market.",
3/21/2023 13:19:44,L2,22 - 25,Male,Yes,Ouest,Port-au-Prince,Croix-des-Bouquets,Rarely,6,Occasionally,,Never,,Never,,Rarely,1,Dissatisfied,Neutral,Very Dissatisfied,Satisfied,Satisfied,1,Yes,No,"HTML/CSS, Php, C++",Satisfied,Dissatisfied,Neutral,Neutral,Maybe,,
3/21/2023 13:20:10,L3,18 - 21,Male,No,Nord,Cap-Haïtien,Port-au-Prince,Often,2,Very often,4,Occasionally,1,Never,1,Rarely,1,Neutral,Neutral,Neutral,Neutral,Very Dissatisfied,0,Yes,Yes,"HTML/CSS, Php, C#, C++, Java, SQL",Neutral,Neutral,Neutral,Neutral,Yes,Good reference in the job market.,
3/21/2023 13:20:15,L2,18 - 21,Male,No,Artibonite,Gonaïves,Port-au-Prince,Never,,Often,2,Never,,Never,,Never,,Neutral,Neutral,Very Dissatisfied,Dissatisfied,Satisfied,1,Yes,Yes,"HTML/CSS, Python, C++",Dissatisfied,Dissatisfied,Dissatisfied,Dissatisfied,No,,"Tuition fees, Poor academic programs, Retaking an exam is too expensive"
3/21/2023 13:20:22,L3,22 - 25,Male,No,Nord-Ouest,Port-de-Paix,Delmas,Rarely,,Very often,,Never,,Never,,Rarely,,Dissatisfied,Neutral,Very Dissatisfied,Satisfied,Dissatisfied,0,Yes,No,"HTML/CSS, Php, C++, Java, C, SQL",Neutral,Neutral,Neutral,Neutral,No,,"Lack of practice, Retaking an exam is too expensive, No career center"
3/21/2023 13:21:22,L1,18 - 21,Male,No,Artibonite,Verrettes,Delmas,Rarely,1,Rarely,2,Never,,Never,,Never,,Neutral,Neutral,Very Dissatisfied,Very Dissatisfied,Neutral,0,No,No,,Satisfied,Neutral,Neutral,Neutral,No,,"Lack of practice, Poor academic programs, Poor quality of teaching, No career center"
3/21/2023 13:26:39,L2,22 - 25,Male,No,Artibonite,Saint-Marc,Port-au-Prince,Rarely,1,Often,2,Never,,Never,,Rarely,1,Neutral,Neutral,Very Dissatisfied,Dissatisfied,Dissatisfied,1,Yes,Yes,"HTML/CSS, Python, C++",Dissatisfied,Satisfied,Neutral,Dissatisfied,Yes,"Rich academic programs, Good quality of teaching, Good reference in the job market.",
3/21/2023 13:28:23,L2,18 - 21,Female,No,Ouest,Delmas,Delmas,Occasionally,4,Occasionally,2,Never,,Occasionally,4,Never,,Neutral,Neutral,Very Dissatisfied,Very Dissatisfied,Very Dissatisfied,0,Yes,No,C++,Very Dissatisfied,Satisfied,Neutral,Neutral,No,,"Lack of practice, Poor academic programs, Retaking an exam is too expensive, University space too small"
3/21/2023 13:30:23,L3,22 - 25,Male,No,Centre,Thomonde,Delmas,Occasionally,,Often,,Rarely,,Never,,Occasionally,,Satisfied,Neutral,Very Dissatisfied,Satisfied,Dissatisfied,0,Yes,Yes,"HTML/CSS, JavaScript, Php",Dissatisfied,Neutral,Dissatisfied,Dissatisfied,Yes,,
3/21/2023 13:31:38,L3,22 - 25,Male,No,Ouest,Ouest,Port-au-Prince,Often,10,Often,5,Never,,Never,,Often,10,Very Dissatisfied,Very Dissatisfied,Very Dissatisfied,Very Dissatisfied,Dissatisfied,4,Yes,Yes,"JavaScript, Python, C++, Java",Very Dissatisfied,Neutral,Neutral,Neutral,Maybe,Good reference in the job market.,"Tuition fees, University space too small"
3/21/2023 13:33:48,L2,22 - 25,Female,Yes,Artibonite,Petite Rivière de l'Artibonite,Pétion-Ville,Rarely,,Often,2,Never,,Never,,Never,,Neutral,Neutral,Very Dissatisfied,Dissatisfied,Dissatisfied,0,No,No,,Neutral,Dissatisfied,Dissatisfied,Neutral,No,,"Lack of practice, Retaking an exam is too expensive"
3/21/2023 13:34:05,L3,18 - 21,Female,No,Ouest,Port-au-Prince,Delmas,Often,3,Occasionally,1,Very often,4,Rarely,1,Rarely,1,Very Dissatisfied,Very Dissatisfied,Very Dissatisfied,Very Dissatisfied,Very Dissatisfied,5,Newbie,No,"HTML/CSS, Php, C++, Java, SQL",Very Dissatisfied,Very Dissatisfied,Very Dissatisfied,Very Dissatisfied,No,,"Lack of practice, Retaking an exam is too expensive, Poor quality of teaching, University space too small, No career center"
3/21/2023 13:35:41,L2,18 - 21,Male,No,Nord-Ouest,Môle-Saint-Nicolas,Port-au-Prince,Never,,Occasionally,2,Never,,Never,,Never,,Neutral,Neutral,Very Dissatisfied,Very Dissatisfied,Dissatisfied,1,Yes,No,"HTML/CSS, C++",Neutral,Satisfied,Very Dissatisfied,Neutral,Yes,Good reference in the job market.,
3/21/2023 13:35:50,L3,26 - 29,Female,No,Ouest,Port-au-Prince,Port-au-Prince,Often,3,Very often,5,Very often,5,Never,,Rarely,1,Dissatisfied,Neutral,Very Dissatisfied,Dissatisfied,Very Dissatisfied,3,Newbie,Yes,"HTML/CSS, Php, Java",Very Dissatisfied,Very Dissatisfied,Satisfied,Dissatisfied,No,,"Lack of practice, Poor academic programs, Retaking an exam is too expensive, Poor quality of teaching"
3/21/2023 13:36:18,L2,18 - 21,Male,Yes,Ouest,Croix-des-Bouquets,Croix-des-Bouquets,Occasionally,1,Often,9,Rarely,1,Never,,Never,,Neutral,Neutral,Very Dissatisfied,Satisfied,Very Dissatisfied,3,Yes,No,"HTML/CSS, Php, C++",Dissatisfied,Satisfied,Neutral,Neutral,Maybe,,
3/21/2023 13:38:23,L3,22 - 25,Male,No,Ouest,Delmas,Port-au-Prince,Often,,Often,,Very often,,Never,,Rarely,,Very Dissatisfied,Neutral,Satisfied,Dissatisfied,Very Dissatisfied,0,Newbie,Yes,"HTML/CSS, Python, Php, C++, Java, C",Satisfied,Dissatisfied,Very Dissatisfied,Very Dissatisfied,No,,"Tuition fees, Lack of practice, Retaking an exam is too expensive, University space too small, No career center"
3/21/2023 13:38:39,L3,22 - 25,Male,No,Nord,Nord,Delmas,Often,10,Occasionally,2,Occasionally,2,Never,,Occasionally,2,Neutral,Neutral,Very Dissatisfied,Very Dissatisfied,Satisfied,10,Yes,Yes,"HTML/CSS, JavaScript, SQL",Satisfied,Very Dissatisfied,Satisfied,Satisfied,No,,"Poor quality of teaching, University space too small, No career center, Espace de loisirs"
3/21/2023 13:41:17,L2,18 - 21,Female,No,Ouest,Delmas,Delmas,Rarely,1,Often,2,Never,,Never,,Never,,Neutral,Neutral,Dissatisfied,Dissatisfied,Dissatisfied,1,Yes,No,"HTML/CSS, C++",Dissatisfied,Neutral,Dissatisfied,Neutral,Maybe,,
3/21/2023 13:43:12,L2,22 - 25,Male,No,Nord,Nord,Pétion-Ville,Rarely,2,Often,7,Never,,Never,,Never,,Dissatisfied,Neutral,Very Dissatisfied,Satisfied,Very Dissatisfied,0,Yes,No,"HTML/CSS, C++",Very Dissatisfied,Neutral,Neutral,Neutral,Yes,Good reference in the job market.,
3/21/2023 13:46:27,L3,22 - 25,Male,Yes,Sud,Chardonnières,Port-au-Prince,Rarely,,Occasionally,,Never,,Never,,Occasionally,,Dissatisfied,Neutral,Very Dissatisfied,Satisfied,Dissatisfied,1,No,No,,Dissatisfied,Satisfied,Dissatisfied,Dissatisfied,Maybe,,
3/21/2023 13:47:43,L2,18 - 21,Male,No,Nord-Ouest,Port-de-Paix,Pétion-Ville,Rarely,1,Often,2,Never,,Often,5,Never,,Dissatisfied,Neutral,Very Dissatisfied,Dissatisfied,Dissatisfied,0,Yes,Yes,"HTML/CSS, C++",Dissatisfied,Satisfied,Dissatisfied,Very Dissatisfied,Yes,"Good quality of teaching, Good reference in the job market.",
3/21/2023 13:48:13,L2,18 - 21,Male,Yes,Ouest,Pétion-Ville,Pétion-Ville,Occasionally,4,Often,10,Never,,Never,,Never,,Neutral,Dissatisfied,Very Dissatisfied,Neutral,Neutral,1,Yes,No,"HTML/CSS, C++",Satisfied,Neutral,Neutral,Neutral,Yes,Good reference in the job market.,
3/21/2023 14:15:05,DUT1,22 - 25,Female,No,Ouest,Pétion-Ville,Pétion-Ville,Occasionally,,Often,,Never,,Never,,Often,,Dissatisfied,Neutral,Very Dissatisfied,Satisfied,Dissatisfied,1,Newbie,Yes,"HTML/CSS, Php, Java",Satisfied,Dissatisfied,Dissatisfied,Dissatisfied,Yes,Good reference in the job market.,
3/21/2023 14:18:33,DUT1,22 - 25,Male,No,Ouest,Croix-des-Bouquets,Croix-des-Bouquets,Often,,Often,,Never,,Never,,Often,,Dissatisfied,Neutral,Dissatisfied,Dissatisfied,Dissatisfied,3,Newbie,Yes,"HTML/CSS, Php, Java",Satisfied,Satisfied,Dissatisfied,Dissatisfied,Yes,Good reference in the job market.,
3/21/2023 15:18:40,L3,22 - 25,Male,No,Artibonite,Petite Rivière de l'Artibonite,Tabarre,Rarely,1,Rarely,1,Never,,Never,,Occasionally,,Very Dissatisfied,Very Dissatisfied,Very Dissatisfied,Very Dissatisfied,Neutral,1,Yes,Yes,"HTML/CSS, C++, SQL",Satisfied,Neutral,Very Dissatisfied,Very Dissatisfied,Yes,Good reference in the job market.,
3/22/2023 7:43:24,L2,18 - 21,Male,No,Ouest,Léogâne,Pétion-Ville,Rarely,,Often,2,Never,,Rarely,,Never,,Satisfied,Very Dissatisfied,Very Dissatisfied,Neutral,Dissatisfied,5,Yes,No,"HTML/CSS, C++, SQL",Neutral,Satisfied,Neutral,Dissatisfied,Maybe,,"Tuition fees, Lack of practice, Retaking an exam is too expensive, On ne fait que toucher à un peu de tout sans se spécialiser dans aucun domaine."
3/22/2023 8:35:44,L2,18 - 21,Female,No,Ouest,Port-au-Prince,Port-au-Prince,Often,1,Occasionally,2,Never,,Rarely,,Never,,Satisfied,Neutral,Very Dissatisfied,Very Dissatisfied,Very Dissatisfied,2,Newbie,No,"HTML/CSS, C++",Neutral,Neutral,Very Dissatisfied,Dissatisfied,No,,"Tuition fees, Lack of practice, Poor academic programs, Retaking an exam is too expensive, Prix trop élevé par rapport aux services offerts"
3/22/2023 9:33:18,L4,> 33,Male,No,Ouest,Port-au-Prince,Port-au-Prince,Never,,Occasionally,1,Never,,Never,,Never,,Neutral,Neutral,Very Dissatisfied,Neutral,Neutral,0,Newbie,No,,Satisfied,Satisfied,Neutral,Neutral,Yes,"Rich academic programs, Good quality of teaching, Good reference in the job market.",
3/22/2023 9:44:07,L2,18 - 21,Male,No,Ouest,Port-au-Prince,Delmas,Often,2,Occasionally,2,Never,,Rarely,,Never,,Satisfied,Neutral,Neutral,Satisfied,Neutral,4,Newbie,No,"HTML/CSS, C++",Satisfied,Satisfied,Very Dissatisfied,Satisfied,Maybe,,
3/22/2023 9:45:03,L2,18 - 21,Female,No,Ouest,Port-au-Prince,Port-au-Prince,Never,,Occasionally,1,Never,,Never,,Never,,Neutral,Neutral,Neutral,Satisfied,Satisfied,0,No,No,,Satisfied,Neutral,Satisfied,Neutral,Yes,Good reference in the job market.,
3/22/2023 9:51:54,L1,18 - 21,Female,No,Centre,Lascahobas,Port-au-Prince,Never,,Occasionally,2,Never,,Never,,Never,,Neutral,Neutral,Dissatisfied,Neutral,Neutral,0,Newbie,No,,Satisfied,Satisfied,Satisfied,Satisfied,Yes,"Good quality of teaching, Good reference in the job market.",
3/22/2023 9:53:00,L2,18 - 21,Male,Yes,Ouest,Port-au-Prince,Port-au-Prince,Rarely,2,Often,4,Never,,Never,,Never,,Satisfied,Neutral,Neutral,Neutral,Very Dissatisfied,0,Newbie,No,"HTML/CSS, Php, C++, C",Satisfied,Very Dissatisfied,Neutral,Very Dissatisfied,Yes,"Parceque quelqu'un que je connais, me l'avait recommander",
3/22/2023 9:55:50,L4,22 - 25,Female,No,Ouest,Port-au-Prince,Port-au-Prince,Rarely,1,Occasionally,2,Never,,Never,,Occasionally,2,Neutral,Very Dissatisfied,Very Dissatisfied,Neutral,Satisfied,0,Newbie,Yes,HTML/CSS,Satisfied,Satisfied,Neutral,Dissatisfied,Maybe,Good reference in the job market.,"Lack of practice, Retaking an exam is too expensive, No career center"
3/22/2023 9:59:18,L2,22 - 25,Female,No,Ouest,Port-au-Prince,Delmas,Occasionally,,Occasionally,2,Never,,Never,,Never,,Satisfied,Very Dissatisfied,Neutral,Very Satisfied,Dissatisfied,0,Newbie,Yes,"HTML/CSS, C++",Satisfied,Satisfied,Satisfied,Very Dissatisfied,Maybe,,
3/22/2023 10:20:27,L4,22 - 25,Female,Yes,Sud,Sud,Delmas,Very often,10,Often,7,Very often,8,Occasionally,4,Occasionally,4,Dissatisfied,Dissatisfied,Satisfied,Dissatisfied,Satisfied,4,Yes,Yes,"HTML/CSS, JavaScript, Python, Php, C++, SQL",Dissatisfied,Dissatisfied,Dissatisfied,Very Dissatisfied,Maybe,,
3/22/2023 10:26:44,L2,22 - 25,Male,Yes,Grand-Anse,Jérémie,Port-au-Prince,Occasionally,1,Often,4,Never,,Never,,Never,,Satisfied,Very Dissatisfied,Very Dissatisfied,Dissatisfied,Dissatisfied,4,Newbie,No,"HTML/CSS, C++",Very Dissatisfied,Dissatisfied,Very Dissatisfied,Very Dissatisfied,Yes,Good reference in the job market.,
3/22/2023 10:32:21,L1,18 - 21,Male,No,Sud,Maniche,Port-au-Prince,Never,,Often,2,Never,,Never,,Never,,Very Dissatisfied,Very Dissatisfied,Very Dissatisfied,Very Dissatisfied,Very Dissatisfied,2,No,No,,Satisfied,Neutral,Dissatisfied,Very Dissatisfied,Maybe,Good reference in the job market.,Lack of practice
3/22/2023 10:37:31,L1,18 - 21,Male,No,Sud,Torbeck,Port-au-Prince,Occasionally,2,Often,3,Never,,Never,,Never,,Neutral,Very Dissatisfied,Very Dissatisfied,Satisfied,Neutral,3,No,No,HTML/CSS,Satisfied,Neutral,Neutral,Satisfied,Yes,"Lots of practices, Good reference in the job market.",
3/22/2023 10:42:24,L2,18 - 21,Male,No,Ouest,Bainet,Delmas,Occasionally,,Often,,Never,,Rarely,,Never,,Neutral,Neutral,Very Dissatisfied,Dissatisfied,Dissatisfied,3,Newbie,Yes,"HTML/CSS, Python, C++",Neutral,Satisfied,Very Dissatisfied,Very Dissatisfied,Maybe,,
3/22/2023 11:23:39,L2,18 - 21,Female,No,Sud-Est,Port-Salut,Pétion-Ville,Occasionally,2,Occasionally,3,Rarely,1,Never,,Never,,Dissatisfied,Very Dissatisfied,Very Dissatisfied,Dissatisfied,Neutral,2,Yes,No,"HTML/CSS, JavaScript, Python, Php, Java, SQL",Dissatisfied,Dissatisfied,Dissatisfied,Very Dissatisfied,No,,"Lack of practice, Retaking an exam is too expensive, No career center"
3/22/2023 12:03:42,L3,18 - 21,Female,No,Centre,Maïssade,Pétion-Ville,Often,3,Very often,4,Rarely,1,Rarely,1,Occasionally,1,Satisfied,Neutral,Very Dissatisfied,Neutral,Neutral,3,Yes,Yes,"HTML/CSS, JavaScript, Python, Php, Dart",Neutral,Dissatisfied,Very Dissatisfied,Satisfied,Maybe,Rich academic programs,"Tuition fees, Lack of practice, Retaking an exam is too expensive, No career center"
3/22/2023 12:05:19,L3,18 - 21,Male,Yes,Artibonite,Petite Rivière de l'Artibonite,Tabarre,Occasionally,8,Often,10,Rarely,2,Never,,Occasionally,8,Neutral,Neutral,Very Dissatisfied,Very Dissatisfied,Satisfied,1,Yes,Yes,"HTML/CSS, JavaScript, Php, C++, Java",Neutral,Satisfied,Neutral,Neutral,No,,"Tuition fees, Lack of practice, Poor academic programs, Retaking an exam is too expensive, Poor quality of teaching, University space too small"
3/22/2023 12:06:00,L3,22 - 25,Male,No,Artibonite,Saint-Marc,Croix-des-Bouquets,Never,,Often,2,Rarely,1,Never,,Occasionally,1,Neutral,Dissatisfied,Dissatisfied,Neutral,Neutral,2,Yes,Yes,"HTML/CSS, Php, C++, Java, C",Neutral,Neutral,Neutral,Very Dissatisfied,Yes,Good reference in the job market.,
3/22/2023 12:07:18,L3,18 - 21,Male,No,Nord,Cap-Haïtien,Port-au-Prince,Rarely,1,Often,4,Rarely,2,Rarely,1,Rarely,1,Neutral,Neutral,Very Dissatisfied,Neutral,Dissatisfied,0,Newbie,No,"HTML/CSS, Php, C#, C++, Java, SQL",Satisfied,Neutral,Dissatisfied,Dissatisfied,Yes,Good reference in the job market.,
3/22/2023 12:07:31,L3,18 - 21,Male,Yes,Ouest,Pétion-Ville,Pétion-Ville,Never,,Never,,Never,,Never,,Rarely,2,Neutral,Neutral,Neutral,Neutral,Neutral,0,Yes,Yes,"HTML/CSS, JavaScript, Php, C++, Java",Neutral,Neutral,Neutral,Neutral,No,,"Tuition fees, Lack of practice, Poor academic programs, Retaking an exam is too expensive, Poor quality of teaching, University space too small"
3/22/2023 12:08:40,L3,22 - 25,Male,No,Ouest,Croix-des-Bouquets,Croix-des-Bouquets,Occasionally,1,Often,2,Never,,Never,,Never,,Satisfied,Very Dissatisfied,Satisfied,Satisfied,Neutral,2,Newbie,No,"HTML/CSS, Php, C++, Java, SQL",Satisfied,Satisfied,Very Dissatisfied,Very Satisfied,Yes,Good reference in the job market.,
3/22/2023 12:09:35,L2,18 - 21,Male,Yes,Ouest,Port-au-Prince,Delmas,Rarely,2,Occasionally,2,Never,,Never,,Never,,Satisfied,Neutral,Neutral,Dissatisfied,Neutral,5,Yes,Yes,HTML/CSS,Neutral,Dissatisfied,Neutral,Very Dissatisfied,Yes,Only for the degree ,
3/22/2023 12:10:15,L2,18 - 21,Female,No,Ouest,Port-au-Prince,Cabaret,Rarely,,Occasionally,2,Never,,Never,,Never,,Satisfied,Neutral,Neutral,Satisfied,Dissatisfied,1,Newbie,Yes,"Python, C++",Satisfied,Satisfied,Very Dissatisfied,Neutral,Yes,Lots of practices,
3/22/2023 12:11:45,L4,26 - 29,Male,No,Sud-Est,La Vallée,Port-au-Prince,Often,3,Occasionally,3,Never,,Never,,Rarely,1,Satisfied,Neutral,Very Dissatisfied,Very Satisfied,Satisfied,2,Yes,Yes,"HTML/CSS, JavaScript, Python, Php, C#, C++, Java, C, Dart, SQL",Dissatisfied,Neutral,Satisfied,Dissatisfied,Yes,"Rich academic programs, Good reference in the job market.",
3/22/2023 12:12:35,L3,22 - 25,Female,Yes,Sud,Camp-Perrin,Pétion-Ville,Occasionally,,Occasionally,3,Often,10,Occasionally,1,Occasionally,2,Satisfied,Neutral,Dissatisfied,Very Dissatisfied,Satisfied,10,Newbie,Yes,"HTML/CSS, Php, SQL",Very Dissatisfied,Neutral,Neutral,Very Dissatisfied,No,,"Lack of practice, Poor academic programs, Retaking an exam is too expensive, University space too small"
3/22/2023 12:14:28,L2,22 - 25,Male,Yes,Ouest,Port-au-Prince,Delmas,Occasionally,3,Rarely,2,Never,,Rarely,,Never,,Satisfied,Neutral,Neutral,Satisfied,Satisfied,0,Yes,Yes,"HTML/CSS, JavaScript, Python, Php, C++, Java, SQL",Satisfied,Satisfied,Neutral,Satisfied,Yes,Good reference in the job market.,
3/22/2023 12:16:18,DUT1,18 - 21,Male,Yes,Nord-Est,Ouanaminthe,Pétion-Ville,Never,,Often,3,Never,,Never,,Never,,Very Dissatisfied,Dissatisfied,Very Dissatisfied,Very Dissatisfied,Satisfied,0,No,No,,Dissatisfied,Neutral,Dissatisfied,Very Dissatisfied,Yes,Good reference in the job market.,
3/22/2023 12:17:20,L3,22 - 25,Male,No,Nord-Ouest,Bassin-Bleu,Delmas,Occasionally,1,Often,3,Occasionally,1,Never,,Occasionally,2,Neutral,Neutral,Dissatisfied,Dissatisfied,Neutral,0,Newbie,Yes,"HTML/CSS, Python, Php, C++, Java, SQL",Dissatisfied,Dissatisfied,Neutral,Neutral,Yes,Good reference in the job market.,
3/22/2023 12:17:37,L2,22 - 25,Male,Yes,Sud-Est,Jacmel,Port-au-Prince,Rarely,,Occasionally,2,Never,,Never,,Never,,Satisfied,Neutral,Very Dissatisfied,Very Dissatisfied,Satisfied,3,Yes,No,"HTML/CSS, C++",Neutral,Neutral,Neutral,Dissatisfied,Yes,ESIH est Grande école,
3/22/2023 12:18:25,L2,18 - 21,Male,No,Ouest,Port-au-Prince,Pétion-Ville,Occasionally,2,Often,2,Never,,Never,,Never,,Dissatisfied,Very Dissatisfied,Very Dissatisfied,Neutral,Very Dissatisfied,0,Yes,No,HTML/CSS,Very Satisfied,Neutral,Neutral,Satisfied,Maybe,"Rich academic programs, Good reference in the job market.","Lack of practice, Retaking an exam is too expensive, University space too small, No career center"
3/22/2023 12:20:38,L1,18 - 21,Male,Yes,Ouest,Port-au-Prince,Carrefour,Never,,Rarely,1,Never,,Never,,Never,,Neutral,Neutral,Neutral,Neutral,Neutral,0,Yes,No,"HTML/CSS, Python",Neutral,Satisfied,Neutral,Satisfied,Maybe,,
3/22/2023 12:20:45,L3,22 - 25,Male,No,Ouest,Grand-Goâve,Port-au-Prince,Never,,Often,3,Never,,Never,,Occasionally,1,Neutral,Neutral,Very Dissatisfied,Satisfied,Satisfied,0,Newbie,No,"HTML/CSS, Php, C++, Java, SQL",Dissatisfied,Dissatisfied,Neutral,Dissatisfied,Maybe,Good reference in the job market.,"Lack of practice, Faiblesse de l'administration "
3/22/2023 12:22:57,L2,18 - 21,Male,No,Ouest,Port-au-Prince,Delmas,Rarely,3,Often,2,Never,,Never,,Never,,Dissatisfied,Neutral,Very Dissatisfied,Satisfied,Neutral,1,Yes,No,"HTML/CSS, C++",Satisfied,Satisfied,Very Dissatisfied,Dissatisfied,Yes,Good reference in the job market.,
3/22/2023 12:25:06,L1,18 - 21,Female,No,Ouest,Port-au-Prince,Delmas,Rarely,,Occasionally,1,Never,,Never,,Never,,Neutral,Very Dissatisfied,Satisfied,Satisfied,Dissatisfied,1,No,No,,Neutral,Neutral,Neutral,Very Satisfied,Yes,Lots of practices,
3/22/2023 12:27:30,L1,18 - 21,Male,Yes,Ouest,Carrefour,Pétion-Ville,Occasionally,1,Never,,Never,,Never,,Never,,Dissatisfied,Very Dissatisfied,Neutral,Neutral,Neutral,1,No,No,,Satisfied,Dissatisfied,Satisfied,Neutral,No,,"Retaking an exam is too expensive, No career center, "
3/22/2023 12:27:49,L3,22 - 25,Male,Yes,Ouest,Carrefour,Carrefour,Never,,Rarely,2,Rarely,2,Never,,Rarely,1,Neutral,Very Dissatisfied,Very Dissatisfied,Dissatisfied,Dissatisfied,0,Newbie,Yes,"HTML/CSS, Php, C++, Java, C",Very Dissatisfied,Dissatisfied,Dissatisfied,Neutral,No,,"Lack of practice, Poor quality of teaching"
3/22/2023 12:28:28,L4,22 - 25,Male,No,Nord-Est,Ouanaminthe,Port-au-Prince,Rarely,,Rarely,,Rarely,,Never,,Rarely,,Neutral,Neutral,Very Dissatisfied,Neutral,Neutral,0,Yes,No,"HTML/CSS, JavaScript, Python, Php, C#, C++, Java, C, Dart, SQL",Neutral,Neutral,Neutral,Neutral,No,,
3/22/2023 12:31:55,L3,22 - 25,Female,No,Nord,Cap-Haïtien,Pétion-Ville,Never,,Occasionally,1,Rarely,1,Very often,3,Occasionally,2,Neutral,Very Dissatisfied,Very Dissatisfied,Neutral,Neutral,15,Newbie,Yes,"HTML/CSS, Php, C#, C++, Java, C, SQL",Dissatisfied,Neutral,Very Dissatisfied,Very Dissatisfied,No,,"Lack of practice, Poor academic programs, Retaking an exam is too expensive, Poor quality of teaching, University space too small"
3/22/2023 12:33:12,L3,22 - 25,Male,Yes,Ouest,Delmas,Delmas,Occasionally,1,Very often,6,Very often,7,Rarely,1,Rarely,1,Neutral,Dissatisfied,Dissatisfied,Dissatisfied,Dissatisfied,5,Yes,Yes,"HTML/CSS, JavaScript, Python, Php",Very Dissatisfied,Neutral,Neutral,Dissatisfied,Maybe,,
3/22/2023 12:33:40,L1,18 - 21,Male,No,Ouest,Port-au-Prince,Delmas,Occasionally,2,Occasionally,2,Never,,Rarely,,Never,,Satisfied,Very Satisfied,Satisfied,Satisfied,Satisfied,1,Newbie,No,"HTML/CSS, JavaScript, Python, C++, Java, C, SQL",Satisfied,Satisfied,Dissatisfied,Satisfied,Maybe,Good reference in the job market.,Tuition fees
3/22/2023 12:35:12,DUT2,18 - 21,Male,No,Ouest,Port-au-Prince,Carrefour,Occasionally,2,Very often,5,Never,,Never,,Rarely,,Satisfied,Neutral,Neutral,Neutral,Satisfied,0,Yes,No,"HTML/CSS, Php, Java, SQL",Satisfied,Satisfied,Satisfied,Satisfied,Yes,"Lots of practices, Good quality of teaching",
3/22/2023 12:35:48,L2,18 - 21,Male,No,Ouest,Ouest,Port-au-Prince,Rarely,1,Often,3,Never,,Never,,Rarely,1,Satisfied,Satisfied,Very Dissatisfied,Neutral,Very Satisfied,1,Newbie,No,"HTML/CSS, C++, SQL",Satisfied,Satisfied,Satisfied,Neutral,Yes,"Rich academic programs, Good quality of teaching, Good reference in the job market.",
3/22/2023 12:37:00,L1,18 - 21,Male,No,Ouest,Delmas,Delmas,Never,,Often,,Often,3,Never,,Never,,Satisfied,Neutral,Very Dissatisfied,Satisfied,Neutral,0,No,No,,Satisfied,Neutral,Neutral,Neutral,Yes,Lots of practices,
3/22/2023 12:38:40,L3,18 - 21,Male,No,Ouest,Port-au-Prince,Port-au-Prince,Never,,Occasionally,1,Never,,Never,,Occasionally,1,Satisfied,Satisfied,Dissatisfied,Dissatisfied,Neutral,1,Newbie,No,"HTML/CSS, JavaScript, Php, C++, Java, SQL",Neutral,Dissatisfied,Dissatisfied,Dissatisfied,No,,"Lack of practice, Retaking an exam is too expensive"
3/22/2023 12:38:50,L1,18 - 21,Male,Yes,Nord-Est,Fort-Liberté,Port-au-Prince,Rarely,1,Occasionally,1,Never,,Never,,Never,,Neutral,Neutral,Very Dissatisfied,Very Dissatisfied,Neutral,1,No,No,,Neutral,Dissatisfied,Neutral,Dissatisfied,No,,"Lack of practice, Manque de temp"
3/22/2023 12:39:28,L1,18 - 21,Male,Yes,Ouest,Port-au-Prince,Delmas,Rarely,2,Often,3,Never,,Never,,Never,,Neutral,Neutral,Neutral,Satisfied,Neutral,0,Yes,No,HTML/CSS,Satisfied,Satisfied,Satisfied,Very Satisfied,Maybe,,
3/22/2023 12:40:42,L1,18 - 21,Male,No,Artibonite,Saint-Marc,Delmas,Rarely,,Often,,Never,,Never,,Never,,Neutral,Neutral,Very Dissatisfied,Satisfied,Neutral,2,No,No,,Neutral,Neutral,Dissatisfied,Neutral,Maybe,,
3/22/2023 12:41:10,L1,18 - 21,Male,No,Ouest,Croix-des-Bouquets,Port-au-Prince,Rarely,1,Often,3,Never,,Never,,Never,,Satisfied,Satisfied,Neutral,Satisfied,Satisfied,0,Newbie,Yes,C++,Satisfied,Satisfied,Neutral,Neutral,Yes,"Good quality of teaching, Good reference in the job market.",
3/22/2023 12:43:00,L1,18 - 21,Male,Yes,Ouest,Port-au-Prince,Port-au-Prince,Never,,Often,2,Never,,Never,,Never,,Dissatisfied,Dissatisfied,Very Dissatisfied,Very Dissatisfied,Neutral,0,Yes,No,,Dissatisfied,Satisfied,Dissatisfied,Satisfied,Maybe,Good reference in the job market.,"Lack of practice, Poor academic programs, Retaking an exam is too expensive"
3/22/2023 12:43:57,L1,22 - 25,Male,Yes,Sud,Torbeck,Port-au-Prince,Often,1,Occasionally,1,Never,,Never,,Never,,Satisfied,Neutral,Neutral,Dissatisfied,Satisfied,0,No,No,,Satisfied,Neutral,Satisfied,Satisfied,Yes,"Rich academic programs, Good reference in the job market.",
3/22/2023 12:45:03,L1,18 - 21,Male,No,Sud-Est,La Vallée,Pétion-Ville,Rarely,1,Never,,Never,,Never,,Never,,Neutral,Very Dissatisfied,Neutral,Satisfied,Neutral,2,No,No,,Neutral,Satisfied,Satisfied,Neutral,Yes,Good quality of teaching,
3/22/2023 12:47:32,L4,22 - 25,Male,No,Nord,Cap-Haïtien,Port-au-Prince,Rarely,1,Occasionally,3,Occasionally,1,Never,,Occasionally,1,Dissatisfied,Neutral,Very Dissatisfied,Dissatisfied,Neutral,1,Newbie,No,"HTML/CSS, Python, Php, C#, C++, Java, C, Dart, SQL",Neutral,Dissatisfied,Dissatisfied,Neutral,No,,"Lack of practice, Retaking an exam is too expensive, University space too small, No career center"
3/22/2023 12:49:12,L1,22 - 25,Male,Yes,Ouest,Delmas,Port-au-Prince,Never,,Often,2,Never,,Never,,Never,,Dissatisfied,Dissatisfied,Very Dissatisfied,Neutral,Neutral,1,No,No,,Neutral,Satisfied,Dissatisfied,Neutral,Maybe,Good reference in the job market.,"Lack of practice, Retaking an exam is too expensive, No career center"
3/22/2023 12:51:29,L3,22 - 25,Male,Yes,Nord,Nord,Pétion-Ville,Occasionally,2,Very often,5,Never,,Never,,Never,,Satisfied,Neutral,Neutral,Satisfied,Very Satisfied,0,No,No,,Satisfied,Satisfied,Neutral,Satisfied,Yes,Rich academic programs,
3/22/2023 12:53:03,L3,22 - 25,Female,Yes,Sud-Est,Jacmel,Pétion-Ville,Occasionally,1,Occasionally,1,Very often,1,Rarely,1,Occasionally,1,Neutral,Very Dissatisfied,Very Dissatisfied,Neutral,Neutral,0,No,No,,Neutral,Neutral,Neutral,Neutral,Yes,Good reference in the job market.,
3/22/2023 12:54:34,DUT1,18 - 21,Male,No,Ouest,Port-au-Prince,Port-au-Prince,Rarely,,Often,3,Never,,Never,,Often,4,Neutral,Neutral,Neutral,Satisfied,Satisfied,0,No,No,,Neutral,Satisfied,Neutral,Neutral,Yes,Good reference in the job market.,
3/22/2023 12:55:08,L3,22 - 25,Male,No,Centre,Mirebalais,Port-au-Prince,Occasionally,3,Never,,Never,,Never,,Occasionally,1,Neutral,Neutral,Neutral,Neutral,Neutral,0,Yes,No,HTML/CSS,Neutral,Dissatisfied,Neutral,Satisfied,Maybe,,
3/22/2023 12:57:47,L3,22 - 25,Male,Yes,Ouest,Carrefour,Carrefour,Often,8,Occasionally,7,Very often,10,Occasionally,6,Occasionally,5,Neutral,Dissatisfied,Dissatisfied,Dissatisfied,Very Dissatisfied,4,Yes,Yes,"HTML/CSS, JavaScript, Python, Java, SQL",Neutral,Neutral,Neutral,Neutral,Maybe,,
3/22/2023 12:58:39,DUT2,22 - 25,Male,No,Sud,Léogâne,Cité Soleil,Rarely,,Often,6,Rarely,,Rarely,,Rarely,,Satisfied,Dissatisfied,Dissatisfied,Dissatisfied,Satisfied,4,No,Yes,,Satisfied,Satisfied,Satisfied,Dissatisfied,Yes,,
3/22/2023 12:59:36,DUT2,22 - 25,Male,Yes,Nord-Ouest,Bombardopolis,Delmas,Occasionally,1,Very often,5,Never,,Never,,Rarely,2,Neutral,Dissatisfied,Neutral,Neutral,Dissatisfied,0,Yes,Yes,"HTML/CSS, JavaScript, Php",Neutral,Satisfied,Dissatisfied,Satisfied,Maybe,,
3/22/2023 13:01:30,DUT2,18 - 21,Male,Yes,Ouest,Port-au-Prince,Pétion-Ville,Often,5,Very often,5,Never,,Never,,Rarely,,Neutral,Neutral,Satisfied,Dissatisfied,Very Satisfied,0,Yes,No,"Php, SQL",Neutral,Satisfied,Neutral,Very Satisfied,Yes,"Lots of practices, Rich academic programs",
3/22/2023 13:07:20,DUT2,22 - 25,Male,Yes,Sud-Est,La Vallée,Port-au-Prince,Often,,Occasionally,,Occasionally,2,Rarely,,Occasionally,2,Satisfied,Very Dissatisfied,Very Dissatisfied,Satisfied,Neutral,5,Newbie,No,"HTML/CSS, Php, SQL",Dissatisfied,Neutral,Dissatisfied,Dissatisfied,Yes,Good reference in the job market.,
3/22/2023 13:08:04,DUT2,22 - 25,Male,Yes,Artibonite,Gonaïves,Pétion-Ville,Often,2,Very often,5,Never,,Never,,Never,,Satisfied,Neutral,Dissatisfied,Satisfied,Satisfied,0,Yes,No,SQL,Neutral,Neutral,Neutral,Satisfied,Maybe,,
3/22/2023 13:09:49,L3,22 - 25,Male,Yes,Ouest,Port-au-Prince,Port-au-Prince,Occasionally,2,Often,4,Very often,10,Never,,Rarely,1,Dissatisfied,Neutral,Very Dissatisfied,Dissatisfied,Dissatisfied,10,Yes,Yes,"Python, Php, Java",Dissatisfied,Dissatisfied,Very Dissatisfied,Dissatisfied,Maybe,,
3/22/2023 13:18:42,DUT2,22 - 25,Male,Yes,Grand-Anse,Jérémie,Delmas,Rarely,,Very often,4,Occasionally,,Never,,Never,,Neutral,Neutral,Dissatisfied,Dissatisfied,Neutral,1,Yes,Yes,"HTML/CSS, JavaScript, Php, Java, SQL",Dissatisfied,Satisfied,Dissatisfied,Very Dissatisfied,No,,"Tuition fees, Lack of practice, Poor academic programs, Retaking an exam is too expensive, Poor quality of teaching"
3/22/2023 13:32:19,L1,18 - 21,Male,No,Ouest,Port-au-Prince,Port-au-Prince,Rarely,3,Occasionally,2,Rarely,1,Never,,Never,,Satisfied,Neutral,Satisfied,Satisfied,Neutral,3,No,Yes,HTML/CSS,Neutral,Satisfied,Neutral,Satisfied,Yes,"Rich academic programs, Good quality of teaching",
3/22/2023 13:55:14,DUT2,18 - 21,Male,No,Ouest,Delmas,Delmas,Occasionally,3,Very often,5,Never,,Rarely,,Rarely,,Very Satisfied,Neutral,Satisfied,Very Satisfied,Satisfied,5,Yes,No,"HTML/CSS, Php",Satisfied,Satisfied,Neutral,Neutral,Yes,"Lots of practices, Good reference in the job market.",
3/22/2023 13:58:48,L2,18 - 21,Male,No,Nord,Cap-Haïtien,Delmas,Never,,Often,2,Never,,Rarely,2,Never,,Neutral,Neutral,Dissatisfied,Satisfied,Dissatisfied,2,Yes,No,"C++, C",Dissatisfied,Satisfied,Dissatisfied,Neutral,No,,"Tuition fees, Poor academic programs, Retaking an exam is too expensive, University space too small"
3/22/2023 13:59:33,L4,26 - 29,Male,No,Ouest,Nippes,Port-au-Prince,Never,3,Often,3,Never,2,Never,1,Often,3,Satisfied,Neutral,Very Dissatisfied,Dissatisfied,Very Dissatisfied,0,Yes,No,Python,Dissatisfied,Dissatisfied,Dissatisfied,Dissatisfied,Maybe,,
3/22/2023 13:59:53,L2,18 - 21,Female,No,Ouest,Port-au-Prince,Port-au-Prince,Occasionally,5,Often,4,Never,,Rarely,,Never,,Neutral,Satisfied,Very Dissatisfied,Dissatisfied,Neutral,7,Yes,Yes,"HTML/CSS, Python, C++",Dissatisfied,Neutral,Dissatisfied,Dissatisfied,Yes,"Lots of practices, Good reference in the job market.",
3/22/2023 15:39:35,L3,18 - 21,Male,Yes,Ouest,Ouest,Port-au-Prince,Rarely,5,Occasionally,5,Occasionally,7,Never,,Occasionally,5,Dissatisfied,Neutral,Very Dissatisfied,Dissatisfied,Neutral,0,No,No,SQL,Satisfied,Dissatisfied,Neutral,Satisfied,Maybe,Good reference in the job market.,Retaking an exam is too expensive
3/23/2023 7:58:12,DUT2,26 - 29,Male,No,Ouest,Port-au-Prince,Pétion-Ville,Rarely,1,Often,3,Occasionally,4,Often,2,Often,4,Dissatisfied,Neutral,Dissatisfied,Satisfied,Satisfied,2,Yes,Yes,"HTML/CSS, Php, Java",Dissatisfied,Dissatisfied,Dissatisfied,Dissatisfied,No,,"Poor academic programs, Retaking an exam is too expensive"
3/23/2023 8:47:13,L3,22 - 25,Female,Yes,Nord-Est,Tabarre,Croix-des-Bouquets,Occasionally,1,Often,3,Occasionally,2,Rarely,1,Often,4,Dissatisfied,Neutral,Dissatisfied,Dissatisfied,Satisfied,2,No,Yes,"HTML/CSS, C++",Dissatisfied,Neutral,Dissatisfied,Neutral,No,,"Lack of practice, Poor academic programs"
3/23/2023 8:50:50,L4,18 - 21,Female,Yes,Ouest,Delmas,Port-au-Prince,Occasionally,1,Rarely,1,Occasionally,2,Never,,Never,,Satisfied,Dissatisfied,Dissatisfied,Satisfied,Satisfied,3,Yes,No,"HTML/CSS, Php",Satisfied,Satisfied,Satisfied,Satisfied,Yes,Good reference in the job market.,
3/23/2023 10:00:51,L4,22 - 25,Male,No,Ouest,Delmas,Pétion-Ville,Rarely,1,Rarely,2,Never,,Never,,Never,,Satisfied,Satisfied,Very Dissatisfied,Neutral,Neutral,3,No,No,Python,Satisfied,Satisfied,Neutral,Neutral,Yes,Rich academic programs,
3/23/2023 10:04:12,DUT2,22 - 25,Male,Yes,Ouest,Petite Rivière de l'Artibonite,Port-au-Prince,Occasionally,10,Rarely,2,Rarely,1,Never,,Rarely,1,Neutral,Neutral,Satisfied,Satisfied,Very Satisfied,0,No,No,"HTML/CSS, Php, SQL",Satisfied,Satisfied,Satisfied,Satisfied,Yes,"Rich academic programs, Good reference in the job market.","Lack of practice, University space too small"
3/23/2023 10:06:05,L3,26 - 29,Female,Yes,Ouest,Port-au-Prince,Tabarre,Often,2,Occasionally,2,Occasionally,2,Occasionally,2,Often,3,Dissatisfied,Satisfied,Dissatisfied,Neutral,Dissatisfied,2,Newbie,Yes,"HTML/CSS, JavaScript, C++",Dissatisfied,Satisfied,Neutral,Satisfied,Maybe,Good quality of teaching,
4/20/2023 11:58:33,L4,22 - 25,Female,Yes,Centre,Centre,Port-au-Prince,Never,,Never,,Never,,Never,,Never,,Very Dissatisfied,Very Dissatisfied,Very Dissatisfied,Very Dissatisfied,Very Dissatisfied,0,Yes,No,"HTML/CSS, SQL",Very Dissatisfied,Dissatisfied,Dissatisfied,Very Dissatisfied,No,,"Tuition fees, Lack of practice, Poor academic programs, Retaking an exam is too expensive, Poor quality of teaching, University space too small, No career center"